{"cameraMode":{"drawMode":0,"name":"Shaded","section":"Shading Mode"},"sceneLighting":true,"audioPlay":false,"sceneViewState":{"m_AlwaysRefresh":false,"showFog":true,"showSkybox":true,"showFlares":true,"showImageEffects":true,"showParticleSystems":true,"showVisualEffectGraphs":true,"m_FxEnabled":true},"in2DMode":false,"pivot":{"x":-3.4921703338623049,"y":-886.1832885742188,"z":1048.2210693359375},"rotation":{"x":0.33825597167015078,"y":-0.002318119630217552,"z":0.0014715691795572639,"w":0.9412479400634766},"size":721.8361206054688,"orthographic":false}